#Genus	Species	Strain	NCBI accession	From	To	BGC type	On contig edge	Most similar known cluster	Similarity in %	MIBiG BGC-ID	Results URL	Download URL
Bacillus	subtilis	KCTC 13429	NZ_CP029465.1	3941001	3962614	head_to_tail - sactipeptide hybrid	False	subtilosin A	100	BGC0000602	https://antismash-db.secondarymetabolites.org/go/NZ_CP029465.1/3941001-3962614	https://antismash-db.secondarymetabolites.org/api/v1.0/download/genbank/GCF_003148415.1/NZ_CP029465/1/3941001/3962614
Bacillus	subtilis	J-5	NZ_CP026010.1	699755	721367	head_to_tail - sactipeptide hybrid	False	subtilosin A	100	BGC0000602	https://antismash-db.secondarymetabolites.org/go/NZ_CP026010.1/699755-721367	https://antismash-db.secondarymetabolites.org/api/v1.0/download/genbank/GCF_004101945.1/NZ_CP026010/1/699755/721367
Bacillus	subtilis	J-5	NZ_NJRE01000002.1	513313	534925	head_to_tail - sactipeptide hybrid	False	subtilosin A	100	BGC0000602	https://antismash-db.secondarymetabolites.org/go/NZ_NJRE01000002.1/513313-534925	https://antismash-db.secondarymetabolites.org/api/v1.0/download/genbank/GCF_010578165.1/NZ_NJRE01000002/1/513313/534925
Bacillus	subtilis	J-5	NZ_CP017112.1	203953	225843	head_to_tail - sactipeptide hybrid	False	sporulation killing factor	100	BGC0000601	https://antismash-db.secondarymetabolites.org/go/NZ_CP017112.1/203953-225843	https://antismash-db.secondarymetabolites.org/api/v1.0/download/genbank/GCF_001720505.1/NZ_CP017112/1/203953/225843
Bacillus	subtilis	J-5	NZ_CP017112.1	3783977	3805589	head_to_tail - sactipeptide hybrid	False	subtilosin A	100	BGC0000602	https://antismash-db.secondarymetabolites.org/go/NZ_CP017112.1/3783977-3805589	https://antismash-db.secondarymetabolites.org/api/v1.0/download/genbank/GCF_001720505.1/NZ_CP017112/1/3783977/3805589
Bacillus	pumilus	LNTW65	NZ_CP058951.1	3555374	3578325	head_to_tail - sactipeptide hybrid	False	sporulation killing factor	85	BGC0000601	https://antismash-db.secondarymetabolites.org/go/NZ_CP058951.1/3555374-3578325	https://antismash-db.secondarymetabolites.org/api/v1.0/download/genbank/GCF_013423765.1/NZ_CP058951/1/3555374/3578325
Bacillus	subtilis	TU-B-10	NC_016047.1	3813373	3834983	head_to_tail - sactipeptide hybrid	False	subtilosin A	100	BGC0000602	https://antismash-db.secondarymetabolites.org/go/NC_016047.1/3813373-3834983	https://antismash-db.secondarymetabolites.org/api/v1.0/download/genbank/GCF_000227465.1/NC_016047/1/3813373/3834983
Bacillus	subtilis	J-5	NZ_SOBO01000012.1	26814	48426	head_to_tail - sactipeptide hybrid	False	subtilosin A	100	BGC0000602	https://antismash-db.secondarymetabolites.org/go/NZ_SOBO01000012.1/26814-48426	https://antismash-db.secondarymetabolites.org/api/v1.0/download/genbank/GCF_004365735.1/NZ_SOBO01000012/1/26814/48426
Bacillus	subtilis	SRCM101444	NZ_CP021498.1	3602351	3623963	head_to_tail - sactipeptide hybrid	False	subtilosin A	100	BGC0000602	https://antismash-db.secondarymetabolites.org/go/NZ_CP021498.1/3602351-3623963	https://antismash-db.secondarymetabolites.org/api/v1.0/download/genbank/GCF_002173695.1/NZ_CP021498/1/3602351/3623963
Bacillus	subtilis	J-5	NZ_CP049924.1	3692462	3714074	head_to_tail - sactipeptide hybrid	False	subtilosin A	100	BGC0000602	https://antismash-db.secondarymetabolites.org/go/NZ_CP049924.1/3692462-3714074	https://antismash-db.secondarymetabolites.org/api/v1.0/download/genbank/GCF_014171535.1/NZ_CP049924/1/3692462/3714074
Bacillus	subtilis	BSP1	NC_019896.1	359551	380536	head_to_tail - sactipeptide hybrid	False	subtilosin A	100	BGC0000602	https://antismash-db.secondarymetabolites.org/go/NC_019896.1/359551-380536	https://antismash-db.secondarymetabolites.org/api/v1.0/download/genbank/GCF_000321395.1/NC_019896/1/359551/380536
Bacillus	subtilis	BSP1	NC_019896.1	3816870	3839823	head_to_tail - sactipeptide hybrid	False	sporulation killing factor	100	BGC0000601	https://antismash-db.secondarymetabolites.org/go/NC_019896.1/3816870-3839823	https://antismash-db.secondarymetabolites.org/api/v1.0/download/genbank/GCF_000321395.1/NC_019896/1/3816870/3839823
Bacillus	subtilis	J-5	NZ_CP031784.1	2820605	2842217	head_to_tail - sactipeptide hybrid	False	subtilosin A	100	BGC0000602	https://antismash-db.secondarymetabolites.org/go/NZ_CP031784.1/2820605-2842217	https://antismash-db.secondarymetabolites.org/api/v1.0/download/genbank/GCF_009497815.1/NZ_CP031784/1/2820605/2842217
Paenibacillus	larvae	ATCC 13537	NZ_CP019794.1	1980687	2038496	head_to_tail - nrps-like - sactipeptide hybrid	False	sporulation killing factor	28	BGC0000601	https://antismash-db.secondarymetabolites.org/go/NZ_CP019794.1/1980687-2038496	https://antismash-db.secondarymetabolites.org/api/v1.0/download/genbank/GCF_002007765.1/NZ_CP019794/1/1980687/2038496
Bacillus	subtilis	J-5	NZ_VIOH01000001.1	368164	389776	head_to_tail - sactipeptide hybrid	False	subtilosin A	100	BGC0000602	https://antismash-db.secondarymetabolites.org/go/NZ_VIOH01000001.1/368164-389776	https://antismash-db.secondarymetabolites.org/api/v1.0/download/genbank/GCF_012028945.1/NZ_VIOH01000001/1/368164/389776
Bacillus	atrophaeus	B4144_201601	NZ_CP022653.1	195525	240755	head_to_tail - sactipeptide - t1nrps hybrid	False	sporulation killing factor	100	BGC0000601	https://antismash-db.secondarymetabolites.org/go/NZ_CP022653.1/195525-240755	https://antismash-db.secondarymetabolites.org/api/v1.0/download/genbank/GCF_002243495.1/NZ_CP022653/1/195525/240755
Bacillus	subtilis	J-5	NZ_CP017676.1	1520338	1541950	head_to_tail - sactipeptide hybrid	False	subtilosin A	100	BGC0000602	https://antismash-db.secondarymetabolites.org/go/NZ_CP017676.1/1520338-1541950	https://antismash-db.secondarymetabolites.org/api/v1.0/download/genbank/GCF_001808235.1/NZ_CP017676/1/1520338/1541950
Bacillus	subtilis	J22	NZ_VLJX01000001.1	358399	380011	head_to_tail - sactipeptide hybrid	False	subtilosin A	100	BGC0000602	https://antismash-db.secondarymetabolites.org/go/NZ_VLJX01000001.1/358399-380011	https://antismash-db.secondarymetabolites.org/api/v1.0/download/genbank/GCF_007829655.1/NZ_VLJX01000001/1/358399/380011
Bacillus	subtilis	SRCM101444	NZ_CP032853.1	3290140	3311752	head_to_tail - sactipeptide hybrid	False	subtilosin A	100	BGC0000602	https://antismash-db.secondarymetabolites.org/go/NZ_CP032853.1/3290140-3311752	https://antismash-db.secondarymetabolites.org/api/v1.0/download/genbank/GCF_003665235.1/NZ_CP032853/1/3290140/3311752
Bacillus	subtilis	J-5	NZ_JXHR01000010.1	106891	128503	head_to_tail - sactipeptide hybrid	False	subtilosin A	100	BGC0000602	https://antismash-db.secondarymetabolites.org/go/NZ_JXHR01000010.1/106891-128503	https://antismash-db.secondarymetabolites.org/api/v1.0/download/genbank/GCF_000830645.1/NZ_JXHR01000010/1/106891/128503
Bacillus	mojavensis	UCMB5075	NZ_CP051464.1	3640721	3662334	head_to_tail - sactipeptide hybrid	False	subtilosin A	100	BGC0000602	https://antismash-db.secondarymetabolites.org/go/NZ_CP051464.1/3640721-3662334	https://antismash-db.secondarymetabolites.org/api/v1.0/download/genbank/GCF_012648005.1/NZ_CP051464/1/3640721/3662334
Bacillus	subtilis	KCTC 13429	NZ_CP013984.1	3715708	3737321	head_to_tail - sactipeptide hybrid	False	subtilosin A	100	BGC0000602	https://antismash-db.secondarymetabolites.org/go/NZ_CP013984.1/3715708-3737321	https://antismash-db.secondarymetabolites.org/api/v1.0/download/genbank/GCF_001534785.1/NZ_CP013984/1/3715708/3737321
Bacillus	subtilis	J-5	NZ_CP021985.1	1827458	1849070	head_to_tail - sactipeptide hybrid	False	subtilosin A	100	BGC0000602	https://antismash-db.secondarymetabolites.org/go/NZ_CP021985.1/1827458-1849070	https://antismash-db.secondarymetabolites.org/api/v1.0/download/genbank/GCF_002205435.1/NZ_CP021985/1/1827458/1849070
Bacillus	subtilis	J-5	NZ_CP035167.1	3687877	3709489	head_to_tail - sactipeptide hybrid	False	subtilosin A	100	BGC0000602	https://antismash-db.secondarymetabolites.org/go/NZ_CP035167.1/3687877-3709489	https://antismash-db.secondarymetabolites.org/api/v1.0/download/genbank/GCF_004101485.1/NZ_CP035167/1/3687877/3709489
Bacillus	subtilis	J-5	NZ_CP035391.1	3709913	3731525	head_to_tail - sactipeptide hybrid	False	subtilosin A	100	BGC0000602	https://antismash-db.secondarymetabolites.org/go/NZ_CP035391.1/3709913-3731525	https://antismash-db.secondarymetabolites.org/api/v1.0/download/genbank/GCF_004119535.1/NZ_CP035391/1/3709913/3731525
Bacillus	subtilis	J-5	NZ_CP035402.1	3631631	3653243	head_to_tail - sactipeptide hybrid	False	subtilosin A	100	BGC0000602	https://antismash-db.secondarymetabolites.org/go/NZ_CP035402.1/3631631-3653243	https://antismash-db.secondarymetabolites.org/api/v1.0/download/genbank/GCF_004119615.1/NZ_CP035402/1/3631631/3653243
Bacillus	subtilis	J26	NZ_VLJK01000012.1	663272	684884	head_to_tail - sactipeptide hybrid	False	subtilosin A	100	BGC0000602	https://antismash-db.secondarymetabolites.org/go/NZ_VLJK01000012.1/663272-684884	https://antismash-db.secondarymetabolites.org/api/v1.0/download/genbank/GCF_007829445.1/NZ_VLJK01000012/1/663272/684884
Bacillus	subtilis	J26	NZ_VLJK01000021.1	28105	51059	head_to_tail - sactipeptide hybrid	False	sporulation killing factor	100	BGC0000601	https://antismash-db.secondarymetabolites.org/go/NZ_VLJK01000021.1/28105-51059	https://antismash-db.secondarymetabolites.org/api/v1.0/download/genbank/GCF_007829445.1/NZ_VLJK01000021/1/28105/51059
Bacillus	subtilis	J-5	NZ_FWZZ01000001.1	372100	393712	head_to_tail - sactipeptide hybrid	False	subtilosin A	100	BGC0000602	https://antismash-db.secondarymetabolites.org/go/NZ_FWZZ01000001.1/372100-393712	https://antismash-db.secondarymetabolites.org/api/v1.0/download/genbank/GCF_900177305.1/NZ_FWZZ01000001/1/372100/393712
Bacillus	atrophaeus	B4144_201601	NZ_PVWA01000004.1	394166	441174	head_to_tail - sactipeptide - t1nrps hybrid	False	sporulation killing factor	100	BGC0000601	https://antismash-db.secondarymetabolites.org/go/NZ_PVWA01000004.1/394166-441174	https://antismash-db.secondarymetabolites.org/api/v1.0/download/genbank/GCF_003003645.1/NZ_PVWA01000004/1/394166/441174
Bacillus	subtilis	J-5	NZ_NJRD01000003.1	662442	684054	head_to_tail - sactipeptide hybrid	False	subtilosin A	100	BGC0000602	https://antismash-db.secondarymetabolites.org/go/NZ_NJRD01000003.1/662442-684054	https://antismash-db.secondarymetabolites.org/api/v1.0/download/genbank/GCF_010578135.1/NZ_NJRD01000003/1/662442/684054
Bacillus	subtilis	J-5	NZ_JABRUZ010000003.1	234858	256470	head_to_tail - sactipeptide hybrid	False	subtilosin A	100	BGC0000602	https://antismash-db.secondarymetabolites.org/go/NZ_JABRUZ010000003.1/234858-256470	https://antismash-db.secondarymetabolites.org/api/v1.0/download/genbank/GCF_013267115.1/NZ_JABRUZ010000003/1/234858/256470
Bacillus	subtilis	J-5	NZ_SNWK01000001.1	377842	399455	head_to_tail - sactipeptide hybrid	False	subtilosin A	100	BGC0000602	https://antismash-db.secondarymetabolites.org/go/NZ_SNWK01000001.1/377842-399455	https://antismash-db.secondarymetabolites.org/api/v1.0/download/genbank/GCF_004361725.1/NZ_SNWK01000001/1/377842/399455
Bacillus	subtilis	J-5	NZ_CP022391.1	204350	226248	head_to_tail - sactipeptide hybrid	False	sporulation killing factor	100	BGC0000601	https://antismash-db.secondarymetabolites.org/go/NZ_CP022391.1/204350-226248	https://antismash-db.secondarymetabolites.org/api/v1.0/download/genbank/GCF_002220075.1/NZ_CP022391/1/204350/226248
Bacillus	subtilis	J-5	NZ_CP022391.1	3826057	3847669	head_to_tail - sactipeptide hybrid	False	subtilosin A	100	BGC0000602	https://antismash-db.secondarymetabolites.org/go/NZ_CP022391.1/3826057-3847669	https://antismash-db.secondarymetabolites.org/api/v1.0/download/genbank/GCF_002220075.1/NZ_CP022391/1/3826057/3847669
Bacillus	subtilis	J-5	NZ_CP045824.1	3843226	3864838	head_to_tail - sactipeptide hybrid	False	subtilosin A	100	BGC0000602	https://antismash-db.secondarymetabolites.org/go/NZ_CP045824.1/3843226-3864838	https://antismash-db.secondarymetabolites.org/api/v1.0/download/genbank/GCF_009662195.1/NZ_CP045824/1/3843226/3864838
Bacillus	atrophaeus	B4144_201601	NZ_LSBB01000001.1	349444	371054	head_to_tail - sactipeptide hybrid	False	subtilosin A	100	BGC0000602	https://antismash-db.secondarymetabolites.org/go/NZ_LSBB01000001.1/349444-371054	https://antismash-db.secondarymetabolites.org/api/v1.0/download/genbank/GCF_001584335.1/NZ_LSBB01000001/1/349444/371054
Bacillus	atrophaeus	B4144_201601	NZ_LSBB01000002.1	143863	190874	head_to_tail - sactipeptide - t1nrps hybrid	False	sporulation killing factor	100	BGC0000601	https://antismash-db.secondarymetabolites.org/go/NZ_LSBB01000002.1/143863-190874	https://antismash-db.secondarymetabolites.org/api/v1.0/download/genbank/GCF_001584335.1/NZ_LSBB01000002/1/143863/190874
Bacillus	subtilis	J27	NZ_VLJL01000006.1	15602	37214	head_to_tail - sactipeptide hybrid	False	subtilosin A	100	BGC0000602	https://antismash-db.secondarymetabolites.org/go/NZ_VLJL01000006.1/15602-37214	https://antismash-db.secondarymetabolites.org/api/v1.0/download/genbank/GCF_007829735.1/NZ_VLJL01000006/1/15602/37214
Bacillus	subtilis	J-5	NZ_CP018173.1	691793	713403	head_to_tail - sactipeptide hybrid	False	subtilosin A	100	BGC0000602	https://antismash-db.secondarymetabolites.org/go/NZ_CP018173.1/691793-713403	https://antismash-db.secondarymetabolites.org/api/v1.0/download/genbank/GCF_001889625.1/NZ_CP018173/1/691793/713403
Bacillus	subtilis	J-5	NZ_CP035403.1	182902	254713	head_to_tail - sactipeptide - t1nrps - t1pks hybrid	False	sporulation killing factor	100	BGC0000601	https://antismash-db.secondarymetabolites.org/go/NZ_CP035403.1/182902-254713	https://antismash-db.secondarymetabolites.org/api/v1.0/download/genbank/GCF_004119655.1/NZ_CP035403/1/182902/254713
Bacillus	subtilis	J-5	NZ_CP035403.1	3703059	3724671	head_to_tail - sactipeptide hybrid	False	subtilosin A	100	BGC0000602	https://antismash-db.secondarymetabolites.org/go/NZ_CP035403.1/3703059-3724671	https://antismash-db.secondarymetabolites.org/api/v1.0/download/genbank/GCF_004119655.1/NZ_CP035403/1/3703059/3724671
Bacillus	subtilis	J-5	NZ_SORJ01000001.1	657311	678923	head_to_tail - sactipeptide hybrid	False	subtilosin A	100	BGC0000602	https://antismash-db.secondarymetabolites.org/go/NZ_SORJ01000001.1/657311-678923	https://antismash-db.secondarymetabolites.org/api/v1.0/download/genbank/GCF_004366695.1/NZ_SORJ01000001/1/657311/678923
Bacillus	subtilis	J-5	NZ_NJRC01000001.1	69165	90777	head_to_tail - sactipeptide hybrid	False	subtilosin A	87	BGC0000602	https://antismash-db.secondarymetabolites.org/go/NZ_NJRC01000001.1/69165-90777	https://antismash-db.secondarymetabolites.org/api/v1.0/download/genbank/GCF_010578035.1/NZ_NJRC01000001/1/69165/90777
Bacillus	subtilis	J-5	NZ_NJRC01000006.1	159673	182627	head_to_tail - sactipeptide hybrid	False	sporulation killing factor	100	BGC0000601	https://antismash-db.secondarymetabolites.org/go/NZ_NJRC01000006.1/159673-182627	https://antismash-db.secondarymetabolites.org/api/v1.0/download/genbank/GCF_010578035.1/NZ_NJRC01000006/1/159673/182627
Bacillus	mojavensis	RO-H-1	NZ_JH600279.1	682856	704469	head_to_tail - sactipeptide hybrid	False	subtilosin A	100	BGC0000602	https://antismash-db.secondarymetabolites.org/go/NZ_JH600279.1/682856-704469	https://antismash-db.secondarymetabolites.org/api/v1.0/download/genbank/GCF_000245335.1/NZ_JH600279/1/682856/704469
Bacillus	subtilis	J-5	NZ_CP016767.1	2967291	2988904	head_to_tail - sactipeptide hybrid	False	subtilosin A	100	BGC0000602	https://antismash-db.secondarymetabolites.org/go/NZ_CP016767.1/2967291-2988904	https://antismash-db.secondarymetabolites.org/api/v1.0/download/genbank/GCF_002163815.1/NZ_CP016767/1/2967291/2988904
Bacillus	subtilis	J-5	NZ_SHOB01000002.1	662815	684427	head_to_tail - sactipeptide hybrid	False	subtilosin A	100	BGC0000602	https://antismash-db.secondarymetabolites.org/go/NZ_SHOB01000002.1/662815-684427	https://antismash-db.secondarymetabolites.org/api/v1.0/download/genbank/GCF_004294565.1/NZ_SHOB01000002/1/662815/684427
Bacillus	subtilis	J-5	NZ_SHOB01000005.1	153997	176951	head_to_tail - sactipeptide hybrid	False	sporulation killing factor	100	BGC0000601	https://antismash-db.secondarymetabolites.org/go/NZ_SHOB01000005.1/153997-176951	https://antismash-db.secondarymetabolites.org/api/v1.0/download/genbank/GCF_004294565.1/NZ_SHOB01000005/1/153997/176951
Bacillus	subtilis	J-5	NZ_VNKJ01000001.1	656480	678092	head_to_tail - sactipeptide hybrid	False	subtilosin A	100	BGC0000602	https://antismash-db.secondarymetabolites.org/go/NZ_VNKJ01000001.1/656480-678092	https://antismash-db.secondarymetabolites.org/api/v1.0/download/genbank/GCF_007786555.1/NZ_VNKJ01000001/1/656480/678092
Bacillus	atrophaeus	B4144_201601	NZ_PVQO01000008.1	99203	146214	head_to_tail - sactipeptide - t1nrps hybrid	False	rhizocticin A	41	BGC0000926	https://antismash-db.secondarymetabolites.org/go/NZ_PVQO01000008.1/99203-146214	https://antismash-db.secondarymetabolites.org/api/v1.0/download/genbank/GCF_002998135.1/NZ_PVQO01000008/1/99203/146214
Bacillus	subtilis	XF-1	NC_020244.1	3664999	3686611	head_to_tail - sactipeptide hybrid	False	subtilosin A	100	BGC0000602	https://antismash-db.secondarymetabolites.org/go/NC_020244.1/3664999-3686611	https://antismash-db.secondarymetabolites.org/api/v1.0/download/genbank/GCF_000338735.1/NC_020244/1/3664999/3686611
Bacillus	subtilis	J-5	NZ_JXHL01000060.1	9758	32712	head_to_tail - sactipeptide hybrid	False	sporulation killing factor	100	BGC0000601	https://antismash-db.secondarymetabolites.org/go/NZ_JXHL01000060.1/9758-32712	https://antismash-db.secondarymetabolites.org/api/v1.0/download/genbank/GCF_000830605.1/NZ_JXHL01000060/1/9758/32712
Bacillus	subtilis	J-5	NZ_JXHL01000020.1	158775	180387	head_to_tail - sactipeptide hybrid	False	subtilosin A	100	BGC0000602	https://antismash-db.secondarymetabolites.org/go/NZ_JXHL01000020.1/158775-180387	https://antismash-db.secondarymetabolites.org/api/v1.0/download/genbank/GCF_000830605.1/NZ_JXHL01000020/1/158775/180387
Bacillus	subtilis	J-5	NZ_CP021169.1	3556146	3577758	head_to_tail - sactipeptide hybrid	False	subtilosin A	100	BGC0000602	https://antismash-db.secondarymetabolites.org/go/NZ_CP021169.1/3556146-3577758	https://antismash-db.secondarymetabolites.org/api/v1.0/download/genbank/GCF_002142595.1/NZ_CP021169/1/3556146/3577758
Paenibacillus	larvae	ATCC-9545	NZ_CP019687.1	2854146	2929424	head_to_tail - nrps-like - sactipeptide hybrid	False	sporulation killing factor	28	BGC0000601	https://antismash-db.secondarymetabolites.org/go/NZ_CP019687.1/2854146-2929424	https://antismash-db.secondarymetabolites.org/api/v1.0/download/genbank/GCF_002003265.1/NZ_CP019687/1/2854146/2929424
Bacillus	subtilis	J-5	NZ_CP011534.1	3650071	3671683	head_to_tail - sactipeptide hybrid	False	subtilosin A	100	BGC0000602	https://antismash-db.secondarymetabolites.org/go/NZ_CP011534.1/3650071-3671683	https://antismash-db.secondarymetabolites.org/api/v1.0/download/genbank/GCF_001015095.1/NZ_CP011534/1/3650071/3671683
Bacillus	subtilis	J-5	NZ_CP035231.1	234285	256194	head_to_tail - sactipeptide hybrid	False	sporulation killing factor	100	BGC0000601	https://antismash-db.secondarymetabolites.org/go/NZ_CP035231.1/234285-256194	https://antismash-db.secondarymetabolites.org/api/v1.0/download/genbank/GCF_004103595.1/NZ_CP035231/1/234285/256194
Bacillus	subtilis	J-5	NZ_CP035231.1	3746229	3767841	head_to_tail - sactipeptide hybrid	False	subtilosin A	100	BGC0000602	https://antismash-db.secondarymetabolites.org/go/NZ_CP035231.1/3746229-3767841	https://antismash-db.secondarymetabolites.org/api/v1.0/download/genbank/GCF_004103595.1/NZ_CP035231/1/3746229/3767841
Bacillus	subtilis	J-5	NZ_JABUKD010000002.1	666624	688236	head_to_tail - sactipeptide hybrid	False	subtilosin A	100	BGC0000602	https://antismash-db.secondarymetabolites.org/go/NZ_JABUKD010000002.1/666624-688236	https://antismash-db.secondarymetabolites.org/api/v1.0/download/genbank/GCF_014219005.1/NZ_JABUKD010000002/1/666624/688236
Bacillus	subtilis	J-5	NZ_JABUKD010000004.1	395010	417964	head_to_tail - sactipeptide hybrid	False	sporulation killing factor	100	BGC0000601	https://antismash-db.secondarymetabolites.org/go/NZ_JABUKD010000004.1/395010-417964	https://antismash-db.secondarymetabolites.org/api/v1.0/download/genbank/GCF_014219005.1/NZ_JABUKD010000004/1/395010/417964
Bacillus	Unclassified	SN32	NZ_PJCT01000002.1	671992	693604	head_to_tail - sactipeptide hybrid	False	subtilosin A	100	BGC0000602	https://antismash-db.secondarymetabolites.org/go/NZ_PJCT01000002.1/671992-693604	https://antismash-db.secondarymetabolites.org/api/v1.0/download/genbank/GCF_002837495.1/NZ_PJCT01000002/1/671992/693604
Bacillus	subtilis	J-5	NZ_CP020722.1	1768191	1789803	head_to_tail - sactipeptide hybrid	False	subtilosin A	100	BGC0000602	https://antismash-db.secondarymetabolites.org/go/NZ_CP020722.1/1768191-1789803	https://antismash-db.secondarymetabolites.org/api/v1.0/download/genbank/GCF_002096095.1/NZ_CP020722/1/1768191/1789803
Bacillus	subtilis	J-5	NZ_CP035406.1	3827282	3848894	head_to_tail - sactipeptide hybrid	False	subtilosin A	100	BGC0000602	https://antismash-db.secondarymetabolites.org/go/NZ_CP035406.1/3827282-3848894	https://antismash-db.secondarymetabolites.org/api/v1.0/download/genbank/GCF_004119775.1/NZ_CP035406/1/3827282/3848894
Bacillus	atrophaeus	B4144_201601	NZ_BDDH01000003.1	656148	677758	head_to_tail - sactipeptide hybrid	False	subtilosin A	100	BGC0000602	https://antismash-db.secondarymetabolites.org/go/NZ_BDDH01000003.1/656148-677758	https://antismash-db.secondarymetabolites.org/api/v1.0/download/genbank/GCF_001639965.1/NZ_BDDH01000003/1/656148/677758
Paenibacillus	larvae	DSM 25430	NC_023134.1	447711	506512	head_to_tail - nrps-like - sactipeptide hybrid	False	sporulation killing factor	42	BGC0000601	https://antismash-db.secondarymetabolites.org/go/NC_023134.1/447711-506512	https://antismash-db.secondarymetabolites.org/api/v1.0/download/genbank/GCF_000511405.1/NC_023134/1/447711/506512
Bacillus	atrophaeus	B4144_201601	NZ_PVQN01000002.1	158868	180478	head_to_tail - sactipeptide hybrid	False	subtilosin A	100	BGC0000602	https://antismash-db.secondarymetabolites.org/go/NZ_PVQN01000002.1/158868-180478	https://antismash-db.secondarymetabolites.org/api/v1.0/download/genbank/GCF_002998075.1/NZ_PVQN01000002/1/158868/180478
Bacillus	atrophaeus	B4144_201601	NZ_PVQN01000004.1	29112	73767	head_to_tail - sactipeptide - t1nrps hybrid	False	sporulation killing factor	100	BGC0000601	https://antismash-db.secondarymetabolites.org/go/NZ_PVQN01000004.1/29112-73767	https://antismash-db.secondarymetabolites.org/api/v1.0/download/genbank/GCF_002998075.1/NZ_PVQN01000004/1/29112/73767
Paenibacillus	larvae	ATCC-9545	NZ_CP019717.1	4273674	4348974	head_to_tail - nrps-like - sactipeptide hybrid	False	sporulation killing factor	28	BGC0000601	https://antismash-db.secondarymetabolites.org/go/NZ_CP019717.1/4273674-4348974	https://antismash-db.secondarymetabolites.org/api/v1.0/download/genbank/GCF_011220525.1/NZ_CP019717/1/4273674/4348974
Bacillus	vallismortis	DSM 11031	NZ_CP026362.1	3935361	3956929	head_to_tail - sactipeptide hybrid	False	subtilosin A	50	BGC0000602	https://antismash-db.secondarymetabolites.org/go/NZ_CP026362.1/3935361-3956929	https://antismash-db.secondarymetabolites.org/api/v1.0/download/genbank/GCF_004116955.1/NZ_CP026362/1/3935361/3956929
Bacillus	subtilis	J-5	NZ_CP054177.1	3705328	3726940	head_to_tail - sactipeptide hybrid	False	subtilosin A	100	BGC0000602	https://antismash-db.secondarymetabolites.org/go/NZ_CP054177.1/3705328-3726940	https://antismash-db.secondarymetabolites.org/api/v1.0/download/genbank/GCF_013285325.1/NZ_CP054177/1/3705328/3726940
Bacillus	subtilis	J-5	NZ_KZ848487.1	539149	560759	head_to_tail - sactipeptide hybrid	False	subtilosin A	100	BGC0000602	https://antismash-db.secondarymetabolites.org/go/NZ_KZ848487.1/539149-560759	https://antismash-db.secondarymetabolites.org/api/v1.0/download/genbank/GCF_003327665.1/NZ_KZ848487/1/539149/560759
Bacillus	subtilis	J-5	NZ_CP045816.1	3723262	3744874	head_to_tail - sactipeptide hybrid	False	subtilosin A	100	BGC0000602	https://antismash-db.secondarymetabolites.org/go/NZ_CP045816.1/3723262-3744874	https://antismash-db.secondarymetabolites.org/api/v1.0/download/genbank/GCF_009662335.1/NZ_CP045816/1/3723262/3744874
Bacillus	subtilis	J-5	NZ_CP022890.1	233146	254758	head_to_tail - sactipeptide hybrid	False	subtilosin A	100	BGC0000602	https://antismash-db.secondarymetabolites.org/go/NZ_CP022890.1/233146-254758	https://antismash-db.secondarymetabolites.org/api/v1.0/download/genbank/GCF_002269175.1/NZ_CP022890/1/233146/254758
Bacillus	subtilis	J-5	NZ_CP039935.1	203931	225841	head_to_tail - sactipeptide hybrid	False	sporulation killing factor	100	BGC0000601	https://antismash-db.secondarymetabolites.org/go/NZ_CP039935.1/203931-225841	https://antismash-db.secondarymetabolites.org/api/v1.0/download/genbank/GCF_005234095.1/NZ_CP039935/1/203931/225841
Bacillus	subtilis	J-5	NZ_CP039935.1	3685836	3707448	head_to_tail - sactipeptide hybrid	False	subtilosin A	100	BGC0000602	https://antismash-db.secondarymetabolites.org/go/NZ_CP039935.1/3685836-3707448	https://antismash-db.secondarymetabolites.org/api/v1.0/download/genbank/GCF_005234095.1/NZ_CP039935/1/3685836/3707448
Bacillus	subtilis	J-5	NZ_NBBO01000003.1	100019	121631	head_to_tail - sactipeptide hybrid	False	subtilosin A	100	BGC0000602	https://antismash-db.secondarymetabolites.org/go/NZ_NBBO01000003.1/100019-121631	https://antismash-db.secondarymetabolites.org/api/v1.0/download/genbank/GCF_010634645.1/NZ_NBBO01000003/1/100019/121631
Bacillus	subtilis	SRCM101444	NZ_PVRK01000001.1	384171	405783	head_to_tail - sactipeptide hybrid	False	subtilosin A	100	BGC0000602	https://antismash-db.secondarymetabolites.org/go/NZ_PVRK01000001.1/384171-405783	https://antismash-db.secondarymetabolites.org/api/v1.0/download/genbank/GCF_002998795.1/NZ_PVRK01000001/1/384171/405783
Bacillus	atrophaeus	UCMB-5137	NZ_CP011802.1	2178438	2223816	head_to_tail - sactipeptide - t1nrps hybrid	False	sporulation killing factor	100	BGC0000601	https://antismash-db.secondarymetabolites.org/go/NZ_CP011802.1/2178438-2223816	https://antismash-db.secondarymetabolites.org/api/v1.0/download/genbank/GCF_000385965.2/NZ_CP011802/1/2178438/2223816
Bacillus	atrophaeus	UCMB-5137	NZ_CP011802.1	3604956	3626566	head_to_tail - sactipeptide hybrid	False	subtilosin A	100	BGC0000602	https://antismash-db.secondarymetabolites.org/go/NZ_CP011802.1/3604956-3626566	https://antismash-db.secondarymetabolites.org/api/v1.0/download/genbank/GCF_000385965.2/NZ_CP011802/1/3604956/3626566
Bacillus	subtilis	J-5	NZ_CP035226.1	3809805	3831417	head_to_tail - sactipeptide hybrid	False	subtilosin A	100	BGC0000602	https://antismash-db.secondarymetabolites.org/go/NZ_CP035226.1/3809805-3831417	https://antismash-db.secondarymetabolites.org/api/v1.0/download/genbank/GCF_004103535.1/NZ_CP035226/1/3809805/3831417
Bacillus	subtilis	J-5	NZ_MZZI01000001.1	3577736	3599348	head_to_tail - sactipeptide hybrid	False	subtilosin A	100	BGC0000602	https://antismash-db.secondarymetabolites.org/go/NZ_MZZI01000001.1/3577736-3599348	https://antismash-db.secondarymetabolites.org/api/v1.0/download/genbank/GCF_004103895.1/NZ_MZZI01000001/1/3577736/3599348
Bacillus	subtilis	J-5	NZ_CP035395.1	3676993	3698605	head_to_tail - sactipeptide hybrid	False	subtilosin A	100	BGC0000602	https://antismash-db.secondarymetabolites.org/go/NZ_CP035395.1/3676993-3698605	https://antismash-db.secondarymetabolites.org/api/v1.0/download/genbank/GCF_004119635.1/NZ_CP035395/1/3676993/3698605
Bacillus	atrophaeus	B4144_201601	NZ_PVQM01000002.1	656070	677680	head_to_tail - sactipeptide hybrid	False	subtilosin A	100	BGC0000602	https://antismash-db.secondarymetabolites.org/go/NZ_PVQM01000002.1/656070-677680	https://antismash-db.secondarymetabolites.org/api/v1.0/download/genbank/GCF_002998055.1/NZ_PVQM01000002/1/656070/677680
Bacillus	atrophaeus	B4144_201601	NZ_PVQM01000004.1	402313	449324	head_to_tail - sactipeptide - t1nrps hybrid	False	sporulation killing factor	100	BGC0000601	https://antismash-db.secondarymetabolites.org/go/NZ_PVQM01000004.1/402313-449324	https://antismash-db.secondarymetabolites.org/api/v1.0/download/genbank/GCF_002998055.1/NZ_PVQM01000004/1/402313/449324
Bacillus	subtilis	J-5	NZ_CP022891.1	1861590	1883202	head_to_tail - sactipeptide hybrid	False	subtilosin A	100	BGC0000602	https://antismash-db.secondarymetabolites.org/go/NZ_CP022891.1/1861590-1883202	https://antismash-db.secondarymetabolites.org/api/v1.0/download/genbank/GCF_002269195.1/NZ_CP022891/1/1861590/1883202
Bacillus	subtilis	J-5	NZ_CP035397.1	3638421	3660033	head_to_tail - sactipeptide hybrid	False	subtilosin A	100	BGC0000602	https://antismash-db.secondarymetabolites.org/go/NZ_CP035397.1/3638421-3660033	https://antismash-db.secondarymetabolites.org/api/v1.0/download/genbank/GCF_004119675.1/NZ_CP035397/1/3638421/3660033
Bacillus	subtilis	RO-NN-1	NC_017195.1	3629274	3650886	head_to_tail - sactipeptide hybrid	False	subtilosin A	100	BGC0000602	https://antismash-db.secondarymetabolites.org/go/NC_017195.1/3629274-3650886	https://antismash-db.secondarymetabolites.org/api/v1.0/download/genbank/GCF_000227485.1/NC_017195/1/3629274/3650886
Bacillus	subtilis	SRCM101444	NZ_CP029609.1	257943	279842	head_to_tail - sactipeptide hybrid	False	sporulation killing factor	100	BGC0000601	https://antismash-db.secondarymetabolites.org/go/NZ_CP029609.1/257943-279842	https://antismash-db.secondarymetabolites.org/api/v1.0/download/genbank/GCF_004328925.1/NZ_CP029609/1/257943/279842
Bacillus	subtilis	SRCM101444	NZ_CP029609.1	3818716	3840328	head_to_tail - sactipeptide hybrid	False	subtilosin A	100	BGC0000602	https://antismash-db.secondarymetabolites.org/go/NZ_CP029609.1/3818716-3840328	https://antismash-db.secondarymetabolites.org/api/v1.0/download/genbank/GCF_004328925.1/NZ_CP029609/1/3818716/3840328
Bacillus	subtilis	SRCM101444	NZ_QRFZ01000012.1	659840	681452	head_to_tail - sactipeptide hybrid	False	subtilosin A	100	BGC0000602	https://antismash-db.secondarymetabolites.org/go/NZ_QRFZ01000012.1/659840-681452	https://antismash-db.secondarymetabolites.org/api/v1.0/download/genbank/GCF_011800745.1/NZ_QRFZ01000012/1/659840/681452
Bacillus	subtilis	J-5	NZ_CABIVP010000002.1	683851	705463	head_to_tail - sactipeptide hybrid	False	subtilosin A	100	BGC0000602	https://antismash-db.secondarymetabolites.org/go/NZ_CABIVP010000002.1/683851-705463	https://antismash-db.secondarymetabolites.org/api/v1.0/download/genbank/GCF_902362345.1/NZ_CABIVP010000002/1/683851/705463
Bacillus	subtilis	J-5	NZ_CP023257.1	3675995	3697607	head_to_tail - sactipeptide hybrid	False	subtilosin A	100	BGC0000602	https://antismash-db.secondarymetabolites.org/go/NZ_CP023257.1/3675995-3697607	https://antismash-db.secondarymetabolites.org/api/v1.0/download/genbank/GCF_002290305.1/NZ_CP023257/1/3675995/3697607
Bacillus	subtilis	SRCM101444	NZ_CP060417.1	3611367	3632979	head_to_tail - sactipeptide hybrid	False	subtilosin A	100	BGC0000602	https://antismash-db.secondarymetabolites.org/go/NZ_CP060417.1/3611367-3632979	https://antismash-db.secondarymetabolites.org/api/v1.0/download/genbank/GCF_014298115.1/NZ_CP060417/1/3611367/3632979
Bacillus	pumilus	LNTW65	NZ_PVQU01000006.1	17027	39977	head_to_tail - sactipeptide hybrid	False	sporulation killing factor	85	BGC0000601	https://antismash-db.secondarymetabolites.org/go/NZ_PVQU01000006.1/17027-39977	https://antismash-db.secondarymetabolites.org/api/v1.0/download/genbank/GCF_002998335.1/NZ_PVQU01000006/1/17027/39977
Bacillus	subtilis	J-5	NZ_CP020367.1	3696742	3718354	head_to_tail - sactipeptide hybrid	False	subtilosin A	100	BGC0000602	https://antismash-db.secondarymetabolites.org/go/NZ_CP020367.1/3696742-3718354	https://antismash-db.secondarymetabolites.org/api/v1.0/download/genbank/GCF_002072735.1/NZ_CP020367/1/3696742/3718354
Bacillus	vallismortis	DSM 11031	NZ_NXEM01000021.1	159073	220994	head_to_tail - other - sactipeptide hybrid	False	bacilysin	100	BGC0001184	https://antismash-db.secondarymetabolites.org/go/NZ_NXEM01000021.1/159073-220994	https://antismash-db.secondarymetabolites.org/api/v1.0/download/genbank/GCF_002811125.1/NZ_NXEM01000021/1/159073/220994
Bacillus	subtilis	J-5	NZ_CP031783.1	121201	142813	head_to_tail - sactipeptide hybrid	False	subtilosin A	100	BGC0000602	https://antismash-db.secondarymetabolites.org/go/NZ_CP031783.1/121201-142813	https://antismash-db.secondarymetabolites.org/api/v1.0/download/genbank/GCF_009497795.1/NZ_CP031783/1/121201/142813
Bacillus	pumilus	LNTW65	NZ_QLVI01000006.1	16964	39914	head_to_tail - sactipeptide hybrid	False	sporulation killing factor	85	BGC0000601	https://antismash-db.secondarymetabolites.org/go/NZ_QLVI01000006.1/16964-39914	https://antismash-db.secondarymetabolites.org/api/v1.0/download/genbank/GCF_003301255.1/NZ_QLVI01000006/1/16964/39914
Peribacillus	simplex	WY10	NZ_CCXW01000001.1	4182705	4205678	head_to_tail - sactipeptide hybrid	False	sporulation killing factor	28	BGC0000601	https://antismash-db.secondarymetabolites.org/go/NZ_CCXW01000001.1/4182705-4205678	https://antismash-db.secondarymetabolites.org/api/v1.0/download/genbank/GCF_900000145.1/NZ_CCXW01000001/1/4182705/4205678
Bacillus	subtilis	J-5	NZ_CP028217.1	1321073	1342685	head_to_tail - sactipeptide hybrid	False	subtilosin A	100	BGC0000602	https://antismash-db.secondarymetabolites.org/go/NZ_CP028217.1/1321073-1342685	https://antismash-db.secondarymetabolites.org/api/v1.0/download/genbank/GCF_009913575.1/NZ_CP028217/1/1321073/1342685
Bacillus	subtilis	OH131.1	NZ_CP007409.1	3647522	3669134	head_to_tail - sactipeptide hybrid	False	subtilosin A	100	BGC0000602	https://antismash-db.secondarymetabolites.org/go/NZ_CP007409.1/3647522-3669134	https://antismash-db.secondarymetabolites.org/api/v1.0/download/genbank/GCF_000706705.1/NZ_CP007409/1/3647522/3669134
Bacillus	atrophaeus	1942	NC_014639.1	3247942	3269552	head_to_tail - sactipeptide hybrid	False	subtilosin A	100	BGC0000602	https://antismash-db.secondarymetabolites.org/go/NC_014639.1/3247942-3269552	https://antismash-db.secondarymetabolites.org/api/v1.0/download/genbank/GCF_000165925.1/NC_014639/1/3247942/3269552
Bacillus	subtilis	J-5	NZ_CP028218.1	2428466	2450078	head_to_tail - sactipeptide hybrid	False	subtilosin A	100	BGC0000602	https://antismash-db.secondarymetabolites.org/go/NZ_CP028218.1/2428466-2450078	https://antismash-db.secondarymetabolites.org/api/v1.0/download/genbank/GCF_009913595.1/NZ_CP028218/1/2428466/2450078
Bacillus	subtilis	J-5	NZ_SDKE01000002.1	164507	187461	head_to_tail - sactipeptide hybrid	False	sporulation killing factor	100	BGC0000601	https://antismash-db.secondarymetabolites.org/go/NZ_SDKE01000002.1/164507-187461	https://antismash-db.secondarymetabolites.org/api/v1.0/download/genbank/GCF_007845115.1/NZ_SDKE01000002/1/164507/187461
Bacillus	subtilis	J-5	NZ_SDKE01000003.1	1827202	1848814	head_to_tail - sactipeptide hybrid	False	subtilosin A	100	BGC0000602	https://antismash-db.secondarymetabolites.org/go/NZ_SDKE01000003.1/1827202-1848814	https://antismash-db.secondarymetabolites.org/api/v1.0/download/genbank/GCF_007845115.1/NZ_SDKE01000003/1/1827202/1848814
Bacillus	subtilis	J-5	NZ_JXHP01000084.1	27707	50661	head_to_tail - sactipeptide hybrid	False	sporulation killing factor	100	BGC0000601	https://antismash-db.secondarymetabolites.org/go/NZ_JXHP01000084.1/27707-50661	https://antismash-db.secondarymetabolites.org/api/v1.0/download/genbank/GCF_000830715.1/NZ_JXHP01000084/1/27707/50661
Bacillus	subtilis	J-5	NZ_JXHP01000031.1	15473	37085	head_to_tail - sactipeptide hybrid	False	subtilosin A	100	BGC0000602	https://antismash-db.secondarymetabolites.org/go/NZ_JXHP01000031.1/15473-37085	https://antismash-db.secondarymetabolites.org/api/v1.0/download/genbank/GCF_000830715.1/NZ_JXHP01000031/1/15473/37085
Bacillus	subtilis	J-5	NZ_CP032315.1	3733415	3755027	head_to_tail - sactipeptide hybrid	False	subtilosin A	100	BGC0000602	https://antismash-db.secondarymetabolites.org/go/NZ_CP032315.1/3733415-3755027	https://antismash-db.secondarymetabolites.org/api/v1.0/download/genbank/GCF_003612735.1/NZ_CP032315/1/3733415/3755027
Bacillus	Unclassified	PAMC26543	NZ_CP060193.1	428571	450184	head_to_tail - sactipeptide hybrid	False	subtilosin A	100	BGC0000602	https://antismash-db.secondarymetabolites.org/go/NZ_CP060193.1/428571-450184	https://antismash-db.secondarymetabolites.org/api/v1.0/download/genbank/GCF_014250375.1/NZ_CP060193/1/428571/450184
Bacillus	subtilis	J-5	NZ_CP045006.1	362999	384611	head_to_tail - sactipeptide hybrid	False	subtilosin A	100	BGC0000602	https://antismash-db.secondarymetabolites.org/go/NZ_CP045006.1/362999-384611	https://antismash-db.secondarymetabolites.org/api/v1.0/download/genbank/GCF_009017455.1/NZ_CP045006/1/362999/384611
Bacillus	Unclassified	2B09	NZ_RPSG01000011.1	25886	48837	head_to_tail - sactipeptide hybrid	False	sporulation killing factor	100	BGC0000601	https://antismash-db.secondarymetabolites.org/go/NZ_RPSG01000011.1/25886-48837	https://antismash-db.secondarymetabolites.org/api/v1.0/download/genbank/GCF_003946835.1/NZ_RPSG01000011/1/25886/48837
Bacillus	subtilis	J-5	NZ_CP009796.1	3673630	3695242	head_to_tail - sactipeptide hybrid	False	subtilosin A	100	BGC0000602	https://antismash-db.secondarymetabolites.org/go/NZ_CP009796.1/3673630-3695242	https://antismash-db.secondarymetabolites.org/api/v1.0/download/genbank/GCF_000782835.1/NZ_CP009796/1/3673630/3695242
Bacillus	subtilis	SRCM101444	NZ_CP017313.1	204349	226247	head_to_tail - sactipeptide hybrid	False	sporulation killing factor	100	BGC0000601	https://antismash-db.secondarymetabolites.org/go/NZ_CP017313.1/204349-226247	https://antismash-db.secondarymetabolites.org/api/v1.0/download/genbank/GCF_001750765.1/NZ_CP017313/1/204349/226247
Bacillus	subtilis	SRCM101444	NZ_CP017313.1	2841635	2863247	head_to_tail - sactipeptide hybrid	False	subtilosin A	100	BGC0000602	https://antismash-db.secondarymetabolites.org/go/NZ_CP017313.1/2841635-2863247	https://antismash-db.secondarymetabolites.org/api/v1.0/download/genbank/GCF_001750765.1/NZ_CP017313/1/2841635/2863247
Bacillus	subtilis	J-5	NZ_CP046860.1	2182761	2204373	head_to_tail - sactipeptide hybrid	False	subtilosin A	100	BGC0000602	https://antismash-db.secondarymetabolites.org/go/NZ_CP046860.1/2182761-2204373	https://antismash-db.secondarymetabolites.org/api/v1.0/download/genbank/GCF_009937745.1/NZ_CP046860/1/2182761/2204373
Anoxybacillus	amylolyticus	DSM 15939	NZ_CP015439.1	0	38117	head_to_tail - lap - sactipeptide - thiopeptide hybrid	True	geobacillin II	50	BGC0000516	https://antismash-db.secondarymetabolites.org/go/NZ_CP015439.1/0-38117	https://antismash-db.secondarymetabolites.org/api/v1.0/download/genbank/GCF_001634285.1/NZ_CP015439/1/0/38117
Bacillus	subtilis	SRCM101444	NZ_CP021892.1	3694851	3716463	head_to_tail - sactipeptide hybrid	False	subtilosin A	100	BGC0000602	https://antismash-db.secondarymetabolites.org/go/NZ_CP021892.1/3694851-3716463	https://antismash-db.secondarymetabolites.org/api/v1.0/download/genbank/GCF_002201995.1/NZ_CP021892/1/3694851/3716463
Bacillus	subtilis	SRCM101444	NZ_CP021921.1	3767322	3788934	head_to_tail - sactipeptide hybrid	False	subtilosin A	100	BGC0000602	https://antismash-db.secondarymetabolites.org/go/NZ_CP021921.1/3767322-3788934	https://antismash-db.secondarymetabolites.org/api/v1.0/download/genbank/GCF_002202035.1/NZ_CP021921/1/3767322/3788934
Bacillus	subtilis	J-5	NZ_CP029461.1	3616509	3638121	head_to_tail - sactipeptide hybrid	False	subtilosin A	100	BGC0000602	https://antismash-db.secondarymetabolites.org/go/NZ_CP029461.1/3616509-3638121	https://antismash-db.secondarymetabolites.org/api/v1.0/download/genbank/GCF_003148355.1/NZ_CP029461/1/3616509/3638121
Bacillus	subtilis	SRCM101444	NZ_CP032855.1	1676702	1698314	head_to_tail - sactipeptide hybrid	False	subtilosin A	100	BGC0000602	https://antismash-db.secondarymetabolites.org/go/NZ_CP032855.1/1676702-1698314	https://antismash-db.secondarymetabolites.org/api/v1.0/download/genbank/GCF_003665215.1/NZ_CP032855/1/1676702/1698314
Paenibacillus	larvae	ATCC 13537	NZ_CP020557.1	1862359	1916992	head_to_tail - nrps-like - sactipeptide hybrid	False	sporulation killing factor	28	BGC0000601	https://antismash-db.secondarymetabolites.org/go/NZ_CP020557.1/1862359-1916992	https://antismash-db.secondarymetabolites.org/api/v1.0/download/genbank/GCF_002082155.1/NZ_CP020557/1/1862359/1916992
Bacillus	glycinifermentans	None	NZ_LT603683.1	253473	276416	head_to_tail - sactipeptide hybrid	False	sporulation killing factor	85	BGC0000601	https://antismash-db.secondarymetabolites.org/go/NZ_LT603683.1/253473-276416	https://antismash-db.secondarymetabolites.org/api/v1.0/download/genbank/GCF_900093775.1/NZ_LT603683/1/253473/276416
Bacillus	Unclassified	SJZ110	NZ_VFNF01000001.1	671792	693404	head_to_tail - sactipeptide hybrid	False	subtilosin A	100	BGC0000602	https://antismash-db.secondarymetabolites.org/go/NZ_VFNF01000001.1/671792-693404	https://antismash-db.secondarymetabolites.org/api/v1.0/download/genbank/GCF_006715455.1/NZ_VFNF01000001/1/671792/693404
Staphylococcus	pseudintermedius	E140	NZ_ANOI01000001.1	2712669	2734213	head_to_tail - sactipeptide hybrid	False	subtilosin A	25	BGC0000602	https://antismash-db.secondarymetabolites.org/go/NZ_ANOI01000001.1/2712669-2734213	https://antismash-db.secondarymetabolites.org/api/v1.0/download/genbank/GCF_000478385.1/NZ_ANOI01000001/1/2712669/2734213
Bacillus	subtilis	J-5	NZ_NMOM01000004.1	381861	403473	head_to_tail - sactipeptide hybrid	False	subtilosin A	100	BGC0000602	https://antismash-db.secondarymetabolites.org/go/NZ_NMOM01000004.1/381861-403473	https://antismash-db.secondarymetabolites.org/api/v1.0/download/genbank/GCF_003399995.1/NZ_NMOM01000004/1/381861/403473
Bacillus	subtilis	J-5	NZ_VTEK01000003.1	317797	339410	head_to_tail - sactipeptide hybrid	False	subtilosin A	100	BGC0000602	https://antismash-db.secondarymetabolites.org/go/NZ_VTEK01000003.1/317797-339410	https://antismash-db.secondarymetabolites.org/api/v1.0/download/genbank/GCF_008180345.1/NZ_VTEK01000003/1/317797/339410
Bacillus	halotolerans	FJAT-2398	NZ_LUUT01000004.1	633312	654925	head_to_tail - sactipeptide hybrid	False	subtilosin A	100	BGC0000602	https://antismash-db.secondarymetabolites.org/go/NZ_LUUT01000004.1/633312-654925	https://antismash-db.secondarymetabolites.org/api/v1.0/download/genbank/GCF_001637525.1/NZ_LUUT01000004/1/633312/654925
Bacillus	Unclassified	WR11	NZ_CP033064.1	3814635	3836247	head_to_tail - sactipeptide hybrid	False	subtilosin A	100	BGC0000602	https://antismash-db.secondarymetabolites.org/go/NZ_CP033064.1/3814635-3836247	https://antismash-db.secondarymetabolites.org/api/v1.0/download/genbank/GCF_004103875.1/NZ_CP033064/1/3814635/3836247
Bacillus	subtilis	J-5	NZ_CP035413.1	3722042	3743654	head_to_tail - sactipeptide hybrid	False	subtilosin A	100	BGC0000602	https://antismash-db.secondarymetabolites.org/go/NZ_CP035413.1/3722042-3743654	https://antismash-db.secondarymetabolites.org/api/v1.0/download/genbank/GCF_004119815.1/NZ_CP035413/1/3722042/3743654
Bacillus	vallismortis	DSM 11031	NZ_CP033052.1	3698581	3760435	head_to_tail - other - sactipeptide hybrid	False	bacilysin	100	BGC0001184	https://antismash-db.secondarymetabolites.org/go/NZ_CP033052.1/3698581-3760435	https://antismash-db.secondarymetabolites.org/api/v1.0/download/genbank/GCF_003667885.1/NZ_CP033052/1/3698581/3760435
Bacillus	subtilis	J-5	NZ_SIRN01000006.1	395103	416715	head_to_tail - sactipeptide hybrid	False	subtilosin A	100	BGC0000602	https://antismash-db.secondarymetabolites.org/go/NZ_SIRN01000006.1/395103-416715	https://antismash-db.secondarymetabolites.org/api/v1.0/download/genbank/GCF_012689465.1/NZ_SIRN01000006/1/395103/416715
Bacillus	subtilis	J-5	NZ_FTMW01000005.1	26575	49529	head_to_tail - sactipeptide hybrid	False	sporulation killing factor	100	BGC0000601	https://antismash-db.secondarymetabolites.org/go/NZ_FTMW01000005.1/26575-49529	https://antismash-db.secondarymetabolites.org/api/v1.0/download/genbank/GCF_900156365.1/NZ_FTMW01000005/1/26575/49529
Bacillus	subtilis	J-5	NZ_FTMW01000001.1	378382	399994	head_to_tail - sactipeptide hybrid	False	subtilosin A	100	BGC0000602	https://antismash-db.secondarymetabolites.org/go/NZ_FTMW01000001.1/378382-399994	https://antismash-db.secondarymetabolites.org/api/v1.0/download/genbank/GCF_900156365.1/NZ_FTMW01000001/1/378382/399994
Bacillus	halotolerans	FJAT-2398	NZ_CP029364.1	2390954	2412567	head_to_tail - sactipeptide hybrid	False	subtilosin A	100	BGC0000602	https://antismash-db.secondarymetabolites.org/go/NZ_CP029364.1/2390954-2412567	https://antismash-db.secondarymetabolites.org/api/v1.0/download/genbank/GCF_004006435.1/NZ_CP029364/1/2390954/2412567
Bacillus	altitudinis	DE0597	NZ_CP040747.1	183011	205962	head_to_tail - sactipeptide hybrid	False	sporulation killing factor	85	BGC0000601	https://antismash-db.secondarymetabolites.org/go/NZ_CP040747.1/183011-205962	https://antismash-db.secondarymetabolites.org/api/v1.0/download/genbank/GCF_006007905.1/NZ_CP040747/1/183011/205962
Staphylococcus	pseudintermedius	VTH737	NZ_CP035741.1	422638	444184	head_to_tail - sactipeptide hybrid	False	None	None	None	https://antismash-db.secondarymetabolites.org/go/NZ_CP035741.1/422638-444184	https://antismash-db.secondarymetabolites.org/api/v1.0/download/genbank/GCF_004307355.1/NZ_CP035741/1/422638/444184
Bacillus	subtilis	J-5	NZ_CP035161.1	3749794	3771406	head_to_tail - sactipeptide hybrid	False	subtilosin A	100	BGC0000602	https://antismash-db.secondarymetabolites.org/go/NZ_CP035161.1/3749794-3771406	https://antismash-db.secondarymetabolites.org/api/v1.0/download/genbank/GCF_004101345.1/NZ_CP035161/1/3749794/3771406
Bacillus	subtilis	J-5	NZ_CP035401.1	203490	224343	head_to_tail - sactipeptide hybrid	False	sporulation killing factor	100	BGC0000601	https://antismash-db.secondarymetabolites.org/go/NZ_CP035401.1/203490-224343	https://antismash-db.secondarymetabolites.org/api/v1.0/download/genbank/GCF_004119695.1/NZ_CP035401/1/203490/224343
Bacillus	subtilis	J-5	NZ_CP035401.1	3734603	3756215	head_to_tail - sactipeptide hybrid	False	subtilosin A	100	BGC0000602	https://antismash-db.secondarymetabolites.org/go/NZ_CP035401.1/3734603-3756215	https://antismash-db.secondarymetabolites.org/api/v1.0/download/genbank/GCF_004119695.1/NZ_CP035401/1/3734603/3756215
Massilibacterium	senegalense	mt8	NZ_LN831779.1	10237	35618	head_to_tail - sactipeptide - thiopeptide hybrid	False	None	None	None	https://antismash-db.secondarymetabolites.org/go/NZ_LN831779.1/10237-35618	https://antismash-db.secondarymetabolites.org/api/v1.0/download/genbank/GCF_001375675.1/NZ_LN831779/1/10237/35618
Bacillus	pumilus	LNTW65	NZ_PVQT01000005.1	291895	314845	head_to_tail - sactipeptide hybrid	False	sporulation killing factor	85	BGC0000601	https://antismash-db.secondarymetabolites.org/go/NZ_PVQT01000005.1/291895-314845	https://antismash-db.secondarymetabolites.org/api/v1.0/download/genbank/GCF_002998365.1/NZ_PVQT01000005/1/291895/314845
Bacillus	subtilis	J-5	NZ_JABRVH010000018.1	162019	183410	head_to_tail - sactipeptide hybrid	True	subtilosin A	100	BGC0000602	https://antismash-db.secondarymetabolites.org/go/NZ_JABRVH010000018.1/162019-183410	https://antismash-db.secondarymetabolites.org/api/v1.0/download/genbank/GCF_013266935.1/NZ_JABRVH010000018/1/162019/183410
Bacillus	halotolerans	FJAT-2398	NZ_NERK01000024.1	121095	142708	head_to_tail - sactipeptide hybrid	False	subtilosin A	100	BGC0000602	https://antismash-db.secondarymetabolites.org/go/NZ_NERK01000024.1/121095-142708	https://antismash-db.secondarymetabolites.org/api/v1.0/download/genbank/GCF_002592025.1/NZ_NERK01000024/1/121095/142708
Bacillus	subtilis	J-5	NZ_CP023409.1	3813740	3835352	head_to_tail - sactipeptide hybrid	False	subtilosin A	100	BGC0000602	https://antismash-db.secondarymetabolites.org/go/NZ_CP023409.1/3813740-3835352	https://antismash-db.secondarymetabolites.org/api/v1.0/download/genbank/GCF_009866865.1/NZ_CP023409/1/3813740/3835352
Bacillus	subtilis	J-5	NZ_CP028202.1	3355035	3376647	head_to_tail - sactipeptide hybrid	False	subtilosin A	100	BGC0000602	https://antismash-db.secondarymetabolites.org/go/NZ_CP028202.1/3355035-3376647	https://antismash-db.secondarymetabolites.org/api/v1.0/download/genbank/GCF_009913275.1/NZ_CP028202/1/3355035/3376647
Bacillus	intestinalis	GM2	NZ_NKAK01000003.1	50749	72359	head_to_tail - sactipeptide hybrid	False	subtilosin A	100	BGC0000602	https://antismash-db.secondarymetabolites.org/go/NZ_NKAK01000003.1/50749-72359	https://antismash-db.secondarymetabolites.org/api/v1.0/download/genbank/GCF_002211235.1/NZ_NKAK01000003/1/50749/72359
Bacillus	halotolerans	FJAT-2398	NZ_LPVE01000021.1	396682	418295	head_to_tail - sactipeptide hybrid	False	subtilosin A	100	BGC0000602	https://antismash-db.secondarymetabolites.org/go/NZ_LPVE01000021.1/396682-418295	https://antismash-db.secondarymetabolites.org/api/v1.0/download/genbank/GCF_001517135.1/NZ_LPVE01000021/1/396682/418295
Staphylococcus	pseudintermedius	VTH737	NZ_CP039747.1	189019	210563	head_to_tail - sactipeptide hybrid	False	subtilosin A	25	BGC0000602	https://antismash-db.secondarymetabolites.org/go/NZ_CP039747.1/189019-210563	https://antismash-db.secondarymetabolites.org/api/v1.0/download/genbank/GCF_004794815.2/NZ_CP039747/1/189019/210563
Bacillus	Unclassified	FMQ74	NZ_MOEO01000004.1	161011	182623	head_to_tail - sactipeptide hybrid	False	subtilosin A	100	BGC0000602	https://antismash-db.secondarymetabolites.org/go/NZ_MOEO01000004.1/161011-182623	https://antismash-db.secondarymetabolites.org/api/v1.0/download/genbank/GCF_001875785.1/NZ_MOEO01000004/1/161011/182623
Bacillus	subtilis	J-5	NZ_CP025941.1	1374976	1396588	head_to_tail - sactipeptide hybrid	False	subtilosin A	100	BGC0000602	https://antismash-db.secondarymetabolites.org/go/NZ_CP025941.1/1374976-1396588	https://antismash-db.secondarymetabolites.org/api/v1.0/download/genbank/GCF_002893805.1/NZ_CP025941/1/1374976/1396588
Bacillus	safensis	U41	NZ_JXCM01000019.1	13579	36530	head_to_tail - sactipeptide hybrid	False	sporulation killing factor	85	BGC0000601	https://antismash-db.secondarymetabolites.org/go/NZ_JXCM01000019.1/13579-36530	https://antismash-db.secondarymetabolites.org/api/v1.0/download/genbank/GCF_000828375.1/NZ_JXCM01000019/1/13579/36530
Bacillus	subtilis	J-5	NZ_CP054584.1	3840442	3862055	head_to_tail - sactipeptide hybrid	False	subtilosin A	100	BGC0000602	https://antismash-db.secondarymetabolites.org/go/NZ_CP054584.1/3840442-3862055	https://antismash-db.secondarymetabolites.org/api/v1.0/download/genbank/GCF_013347105.1/NZ_CP054584/1/3840442/3862055
Bacillus	subtilis	J-5	NZ_CP028201.1	3460827	3482439	head_to_tail - sactipeptide hybrid	False	subtilosin A	100	BGC0000602	https://antismash-db.secondarymetabolites.org/go/NZ_CP028201.1/3460827-3482439	https://antismash-db.secondarymetabolites.org/api/v1.0/download/genbank/GCF_009913255.1/NZ_CP028201/1/3460827/3482439
Bacillus	subtilis	J-5	NZ_CP045425.1	3812843	3834455	head_to_tail - sactipeptide hybrid	False	subtilosin A	100	BGC0000602	https://antismash-db.secondarymetabolites.org/go/NZ_CP045425.1/3812843-3834455	https://antismash-db.secondarymetabolites.org/api/v1.0/download/genbank/GCF_009363835.1/NZ_CP045425/1/3812843/3834455
Bacillus	subtilis	J-5	NZ_JAAUXF010000001.1	299958	322912	head_to_tail - sactipeptide hybrid	False	sporulation killing factor	100	BGC0000601	https://antismash-db.secondarymetabolites.org/go/NZ_JAAUXF010000001.1/299958-322912	https://antismash-db.secondarymetabolites.org/api/v1.0/download/genbank/GCF_012030395.1/NZ_JAAUXF010000001/1/299958/322912
Bacillus	subtilis	J-5	NZ_JAAUXF010000005.1	3145257	3166869	head_to_tail - sactipeptide hybrid	False	subtilosin A	100	BGC0000602	https://antismash-db.secondarymetabolites.org/go/NZ_JAAUXF010000005.1/3145257-3166869	https://antismash-db.secondarymetabolites.org/api/v1.0/download/genbank/GCF_012030395.1/NZ_JAAUXF010000005/1/3145257/3166869
Bacillus	Unclassified	JS	NC_017743.1	3723599	3745211	head_to_tail - sactipeptide hybrid	False	subtilosin A	100	BGC0000602	https://antismash-db.secondarymetabolites.org/go/NC_017743.1/3723599-3745211	https://antismash-db.secondarymetabolites.org/api/v1.0/download/genbank/GCF_000259365.1/NC_017743/1/3723599/3745211
Bacillus	subtilis	J-5	NZ_CP020915.1	2189274	2210260	head_to_tail - sactipeptide hybrid	False	subtilosin A	100	BGC0000602	https://antismash-db.secondarymetabolites.org/go/NZ_CP020915.1/2189274-2210260	https://antismash-db.secondarymetabolites.org/api/v1.0/download/genbank/GCF_003184225.1/NZ_CP020915/1/2189274/2210260
Bacillus	subtilis	J-5	NZ_CP020915.1	2778258	2801212	head_to_tail - sactipeptide hybrid	False	sporulation killing factor	100	BGC0000601	https://antismash-db.secondarymetabolites.org/go/NZ_CP020915.1/2778258-2801212	https://antismash-db.secondarymetabolites.org/api/v1.0/download/genbank/GCF_003184225.1/NZ_CP020915/1/2778258/2801212
Bacillus	subtilis	SRCM101444	NZ_CP031675.1	3660621	3682233	head_to_tail - sactipeptide hybrid	False	subtilosin A	100	BGC0000602	https://antismash-db.secondarymetabolites.org/go/NZ_CP031675.1/3660621-3682233	https://antismash-db.secondarymetabolites.org/api/v1.0/download/genbank/GCF_003426125.1/NZ_CP031675/1/3660621/3682233
Staphylococcus	pseudintermedius	HKU10-03	NC_014925.1	123953	145496	head_to_tail - sactipeptide hybrid	False	subtilosin A	25	BGC0000602	https://antismash-db.secondarymetabolites.org/go/NC_014925.1/123953-145496	https://antismash-db.secondarymetabolites.org/api/v1.0/download/genbank/GCF_000185885.1/NC_014925/1/123953/145496
Bacillus	halotolerans	FJAT-2398	NZ_CP041357.1	1121750	1143363	head_to_tail - sactipeptide hybrid	False	subtilosin A	100	BGC0000602	https://antismash-db.secondarymetabolites.org/go/NZ_CP041357.1/1121750-1143363	https://antismash-db.secondarymetabolites.org/api/v1.0/download/genbank/GCF_006965425.1/NZ_CP041357/1/1121750/1143363
Bacillus	Unclassified	SN1	NZ_PHIE01000002.1	388394	410007	head_to_tail - sactipeptide hybrid	False	subtilosin A	100	BGC0000602	https://antismash-db.secondarymetabolites.org/go/NZ_PHIE01000002.1/388394-410007	https://antismash-db.secondarymetabolites.org/api/v1.0/download/genbank/GCF_002796895.1/NZ_PHIE01000002/1/388394/410007
Bacillus	pumilus	LNTW65	NZ_VDNG01000005.1	15356	38307	head_to_tail - sactipeptide hybrid	False	sporulation killing factor	85	BGC0000601	https://antismash-db.secondarymetabolites.org/go/NZ_VDNG01000005.1/15356-38307	https://antismash-db.secondarymetabolites.org/api/v1.0/download/genbank/GCF_007665445.1/NZ_VDNG01000005/1/15356/38307
Bacillus	subtilis	J-5	NZ_MVPW01000008.1	102460	124071	head_to_tail - sactipeptide hybrid	False	subtilosin A	100	BGC0000602	https://antismash-db.secondarymetabolites.org/go/NZ_MVPW01000008.1/102460-124071	https://antismash-db.secondarymetabolites.org/api/v1.0/download/genbank/GCF_002153395.1/NZ_MVPW01000008/1/102460/124071
Bacillus	subtilis	J-5	NZ_KZ118870.1	0	22461	head_to_tail - sactipeptide hybrid	True	sporulation killing factor	100	BGC0000601	https://antismash-db.secondarymetabolites.org/go/NZ_KZ118870.1/0-22461	https://antismash-db.secondarymetabolites.org/api/v1.0/download/genbank/GCF_002153395.1/NZ_KZ118870/1/0/22461
Bacillus	subtilis	J-5	NZ_CP017314.1	3611166	3632778	head_to_tail - sactipeptide hybrid	False	subtilosin A	100	BGC0000602	https://antismash-db.secondarymetabolites.org/go/NZ_CP017314.1/3611166-3632778	https://antismash-db.secondarymetabolites.org/api/v1.0/download/genbank/GCF_001746575.1/NZ_CP017314/1/3611166/3632778
Bacillus	subtilis	J-5	NZ_CP051462.1	3789977	3811590	head_to_tail - sactipeptide hybrid	False	subtilosin A	100	BGC0000602	https://antismash-db.secondarymetabolites.org/go/NZ_CP051462.1/3789977-3811590	https://antismash-db.secondarymetabolites.org/api/v1.0/download/genbank/GCF_012647565.1/NZ_CP051462/1/3789977/3811590
Bacillus	altitudinis	DE0597	NZ_CP012329.1	636787	659738	head_to_tail - sactipeptide hybrid	False	sporulation killing factor	100	BGC0000601	https://antismash-db.secondarymetabolites.org/go/NZ_CP012329.1/636787-659738	https://antismash-db.secondarymetabolites.org/api/v1.0/download/genbank/GCF_001431145.1/NZ_CP012329/1/636787/659738
Bacillus	subtilis	BSn5	NC_014976.1	1827458	1849070	head_to_tail - sactipeptide hybrid	False	subtilosin A	100	BGC0000602	https://antismash-db.secondarymetabolites.org/go/NC_014976.1/1827458-1849070	https://antismash-db.secondarymetabolites.org/api/v1.0/download/genbank/GCF_000186745.1/NC_014976/1/1827458/1849070
Staphylococcus	pseudintermedius	VTH737	NZ_JTKO01000012.1	12264	33807	head_to_tail - sactipeptide hybrid	False	subtilosin A	25	BGC0000602	https://antismash-db.secondarymetabolites.org/go/NZ_JTKO01000012.1/12264-33807	https://antismash-db.secondarymetabolites.org/api/v1.0/download/genbank/GCF_001622945.1/NZ_JTKO01000012/1/12264/33807
Bacillus	safensis	U41	NZ_CP018197.1	184685	207636	head_to_tail - sactipeptide hybrid	False	sporulation killing factor	85	BGC0000601	https://antismash-db.secondarymetabolites.org/go/NZ_CP018197.1/184685-207636	https://antismash-db.secondarymetabolites.org/api/v1.0/download/genbank/GCF_001895885.1/NZ_CP018197/1/184685/207636
Staphylococcus	pseudintermedius	VTH737	NZ_SEZW01000001.1	1712975	1734519	head_to_tail - sactipeptide hybrid	False	subtilosin A	25	BGC0000602	https://antismash-db.secondarymetabolites.org/go/NZ_SEZW01000001.1/1712975-1734519	https://antismash-db.secondarymetabolites.org/api/v1.0/download/genbank/GCF_004322625.1/NZ_SEZW01000001/1/1712975/1734519
Staphylococcus	pseudintermedius	VTH737	NZ_LR134267.1	2418381	2439924	head_to_tail - sactipeptide hybrid	False	subtilosin A	25	BGC0000602	https://antismash-db.secondarymetabolites.org/go/NZ_LR134267.1/2418381-2439924	https://antismash-db.secondarymetabolites.org/api/v1.0/download/genbank/GCF_900636355.2/NZ_LR134267/1/2418381/2439924
Bacillus	altitudinis	DE0597	NZ_CP040514.1	245269	268220	head_to_tail - sactipeptide hybrid	False	sporulation killing factor	85	BGC0000601	https://antismash-db.secondarymetabolites.org/go/NZ_CP040514.1/245269-268220	https://antismash-db.secondarymetabolites.org/api/v1.0/download/genbank/GCF_005849435.1/NZ_CP040514/1/245269/268220
Aeribacillus	pallidus	8m3	NZ_LWBR01000005.1	64323	87429	head_to_tail - sactipeptide hybrid	False	sporulation killing factor	85	BGC0000601	https://antismash-db.secondarymetabolites.org/go/NZ_LWBR01000005.1/64323-87429	https://antismash-db.secondarymetabolites.org/api/v1.0/download/genbank/GCF_001629795.1/NZ_LWBR01000005/1/64323/87429
Bacillus	Unclassified	LM 4-2	NZ_CP011101.1	3679517	3701129	head_to_tail - sactipeptide hybrid	False	subtilosin A	100	BGC0000602	https://antismash-db.secondarymetabolites.org/go/NZ_CP011101.1/3679517-3701129	https://antismash-db.secondarymetabolites.org/api/v1.0/download/genbank/GCF_000978495.1/NZ_CP011101/1/3679517/3701129
Amphibacillus	jilinensis	Y1	NZ_JH976434.1	996464	1019670	head_to_tail - sactipeptide hybrid	False	None	None	None	https://antismash-db.secondarymetabolites.org/go/NZ_JH976434.1/996464-1019670	https://antismash-db.secondarymetabolites.org/api/v1.0/download/genbank/GCF_000306965.1/NZ_JH976434/1/996464/1019670
Bacillus	intestinalis	GM2	NZ_MUXL01000002.1	177751	199361	head_to_tail - sactipeptide hybrid	False	subtilosin A	100	BGC0000602	https://antismash-db.secondarymetabolites.org/go/NZ_MUXL01000002.1/177751-199361	https://antismash-db.secondarymetabolites.org/api/v1.0/download/genbank/GCF_002155045.1/NZ_MUXL01000002/1/177751/199361
Bacillus	altitudinis	DE0597	NZ_CP038517.1	161366	187487	bacteriocin - head_to_tail - sactipeptide hybrid	False	sporulation killing factor	85	BGC0000601	https://antismash-db.secondarymetabolites.org/go/NZ_CP038517.1/161366-187487	https://antismash-db.secondarymetabolites.org/api/v1.0/download/genbank/GCF_013307105.1/NZ_CP038517/1/161366/187487
Paenibacillus	algorifonticola	CGMCC 1.10223	NZ_FONN01000037.1	0	19137	head_to_tail - sactipeptide hybrid	True	sporulation killing factor	28	BGC0000601	https://antismash-db.secondarymetabolites.org/go/NZ_FONN01000037.1/0-19137	https://antismash-db.secondarymetabolites.org/api/v1.0/download/genbank/GCF_900112925.1/NZ_FONN01000037/1/0/19137
Bacillus	subtilis	168	NC_000964.3	204350	226248	head_to_tail - sactipeptide hybrid	False	sporulation killing factor	100	BGC0000601	https://antismash-db.secondarymetabolites.org/go/NC_000964.3/204350-226248	https://antismash-db.secondarymetabolites.org/api/v1.0/download/genbank/GCF_000009045.1/NC_000964/3/204350/226248
Bacillus	subtilis	168	NC_000964.3	3826057	3847669	head_to_tail - sactipeptide hybrid	False	subtilosin A	100	BGC0000602	https://antismash-db.secondarymetabolites.org/go/NC_000964.3/3826057-3847669	https://antismash-db.secondarymetabolites.org/api/v1.0/download/genbank/GCF_000009045.1/NC_000964/3/3826057/3847669
Staphylococcus	pseudintermedius	VTH737	NZ_MQNF01000024.1	12062	33083	head_to_tail - sactipeptide hybrid	True	subtilosin A	25	BGC0000602	https://antismash-db.secondarymetabolites.org/go/NZ_MQNF01000024.1/12062-33083	https://antismash-db.secondarymetabolites.org/api/v1.0/download/genbank/GCF_002366435.1/NZ_MQNF01000024/1/12062/33083
Bacillus	glycinifermentans	None	NZ_VHPY01000002.1	210034	232977	head_to_tail - sactipeptide hybrid	False	sporulation killing factor	85	BGC0000601	https://antismash-db.secondarymetabolites.org/go/NZ_VHPY01000002.1/210034-232977	https://antismash-db.secondarymetabolites.org/api/v1.0/download/genbank/GCF_013349925.1/NZ_VHPY01000002/1/210034/232977
Staphylococcus	pseudintermedius	VTH737	NZ_QQPJ01000025.1	11990	32939	head_to_tail - sactipeptide hybrid	True	subtilosin A	25	BGC0000602	https://antismash-db.secondarymetabolites.org/go/NZ_QQPJ01000025.1/11990-32939	https://antismash-db.secondarymetabolites.org/api/v1.0/download/genbank/GCF_003383925.1/NZ_QQPJ01000025/1/11990/32939
Bacillus	tequilensis	EA-CB0015	NZ_CP048852.1	201591	222619	head_to_tail - sactipeptide hybrid	False	rhizocticin A	38	BGC0000926	https://antismash-db.secondarymetabolites.org/go/NZ_CP048852.1/201591-222619	https://antismash-db.secondarymetabolites.org/api/v1.0/download/genbank/GCF_012225885.1/NZ_CP048852/1/201591/222619
Bacillus	tequilensis	EA-CB0015	NZ_CP048852.1	3657130	3678742	head_to_tail - sactipeptide hybrid	False	subtilosin A	100	BGC0000602	https://antismash-db.secondarymetabolites.org/go/NZ_CP048852.1/3657130-3678742	https://antismash-db.secondarymetabolites.org/api/v1.0/download/genbank/GCF_012225885.1/NZ_CP048852/1/3657130/3678742
Bacillus	altitudinis	DE0597	NZ_JXCN01000023.1	12743	55746	bacteriocin - head_to_tail - nrps-like - sactipeptide hybrid	False	sporulation killing factor	100	BGC0000601	https://antismash-db.secondarymetabolites.org/go/NZ_JXCN01000023.1/12743-55746	https://antismash-db.secondarymetabolites.org/api/v1.0/download/genbank/GCF_000828455.1/NZ_JXCN01000023/1/12743/55746
Bacillus	altitudinis	DE0597	NZ_VEMF01000006.1	158340	201343	head_to_tail - nrps-like - sactipeptide hybrid	False	sporulation killing factor	100	BGC0000601	https://antismash-db.secondarymetabolites.org/go/NZ_VEMF01000006.1/158340-201343	https://antismash-db.secondarymetabolites.org/api/v1.0/download/genbank/GCF_007682105.1/NZ_VEMF01000006/1/158340/201343
Bacillus	intestinalis	GM2	NZ_KN049967.1	2397473	2459891	head_to_tail - other - sactipeptide hybrid	False	subtilosin A	100	BGC0000602	https://antismash-db.secondarymetabolites.org/go/NZ_KN049967.1/2397473-2459891	https://antismash-db.secondarymetabolites.org/api/v1.0/download/genbank/GCF_000743215.1/NZ_KN049967/1/2397473/2459891
Aeribacillus	pallidus	8m3	NZ_CP017703.1	1310852	1333819	head_to_tail - sactipeptide hybrid	False	sporulation killing factor	71	BGC0000601	https://antismash-db.secondarymetabolites.org/go/NZ_CP017703.1/1310852-1333819	https://antismash-db.secondarymetabolites.org/api/v1.0/download/genbank/GCF_002243625.1/NZ_CP017703/1/1310852/1333819
Actinomyces	slackii	NCTC11923	NZ_LR134363.1	742951	764463	head_to_tail	False	ulleungmycin	5	BGC0001814	https://antismash-db.secondarymetabolites.org/go/NZ_LR134363.1/742951-764463	https://antismash-db.secondarymetabolites.org/api/v1.0/download/genbank/GCF_900637295.1/NZ_LR134363/1/742951/764463
Bacillus	halotolerans	FJAT-2398	NZ_PVWC01000004.1	7454	29067	head_to_tail - sactipeptide hybrid	False	subtilosin A	100	BGC0000602	https://antismash-db.secondarymetabolites.org/go/NZ_PVWC01000004.1/7454-29067	https://antismash-db.secondarymetabolites.org/api/v1.0/download/genbank/GCF_003003575.1/NZ_PVWC01000004/1/7454/29067
Bacillus	altitudinis	DE0597	NZ_JACAAI010000038.1	20381	61087	head_to_tail - nrps-like - sactipeptide hybrid	False	sporulation killing factor	85	BGC0000601	https://antismash-db.secondarymetabolites.org/go/NZ_JACAAI010000038.1/20381-61087	https://antismash-db.secondarymetabolites.org/api/v1.0/download/genbank/GCF_013391615.1/NZ_JACAAI010000038/1/20381/61087
Bacillus	Unclassified	MD-5	NZ_CP021911.1	3596744	3618356	head_to_tail - sactipeptide hybrid	False	subtilosin A	100	BGC0000602	https://antismash-db.secondarymetabolites.org/go/NZ_CP021911.1/3596744-3618356	https://antismash-db.secondarymetabolites.org/api/v1.0/download/genbank/GCF_002201875.1/NZ_CP021911/1/3596744/3618356
Staphylococcus	pseudintermedius	VTH737	NZ_MQMO01000006.1	12059	33604	head_to_tail - sactipeptide hybrid	False	subtilosin A	25	BGC0000602	https://antismash-db.secondarymetabolites.org/go/NZ_MQMO01000006.1/12059-33604	https://antismash-db.secondarymetabolites.org/api/v1.0/download/genbank/GCF_002362305.1/NZ_MQMO01000006/1/12059/33604
Aeribacillus	composti	KCTC 33824	NZ_VISS01000003.1	90477	113584	head_to_tail - sactipeptide hybrid	False	sporulation killing factor	85	BGC0000601	https://antismash-db.secondarymetabolites.org/go/NZ_VISS01000003.1/90477-113584	https://antismash-db.secondarymetabolites.org/api/v1.0/download/genbank/GCF_007827555.1/NZ_VISS01000003/1/90477/113584
Bacillus	gibsonii	FJAT-10019	NZ_CP017070.1	2491816	2513428	head_to_tail - sactipeptide hybrid	False	subtilosin A	100	BGC0000602	https://antismash-db.secondarymetabolites.org/go/NZ_CP017070.1/2491816-2513428	https://antismash-db.secondarymetabolites.org/api/v1.0/download/genbank/GCF_001719185.1/NZ_CP017070/1/2491816/2513428
Bacillus	Unclassified	BK450	NZ_SOBQ01000004.1	17157	40108	head_to_tail - sactipeptide hybrid	False	sporulation killing factor	85	BGC0000601	https://antismash-db.secondarymetabolites.org/go/NZ_SOBQ01000004.1/17157-40108	https://antismash-db.secondarymetabolites.org/api/v1.0/download/genbank/GCF_004364885.1/NZ_SOBQ01000004/1/17157/40108
